<?xml version='1.0' encoding='US-ASCII'?>
<Applications xmlns="http://www.interactivebrokers.com/schemas/IBCust_import"><Application><Customer email="corte_el_carnicero@captainhaddock.com" external_id="12345" prefix="lopez" type="INDIVIDUAL"><AccountHolder><AccountHolderDetails external_id="12345"><Name first="Juan" last="Lopez" salutation="Mr." suffix="III" /><DOB>1990-04-05</DOB><CountryOfBirth>United States</CountryOfBirth><MaritalStatus>S</MaritalStatus><NumDependents>17</NumDependents><Residence city="Thistown" country="United States" postal_code="45624" state="AL" street_1="1, La Calle, Pueblo" street_2="Anyborough" /><Phones><Phone number="+12125861234" type="Home" /></Phones><Email email="corte_el_carnicero@captainhaddock.com" /><Identification LegalResidenceCountry="United States" LegalResidenceState="AL" SSN="111222333" citizenship="United States" /><Gender>M</Gender><EmploymentType>EMPLOYED</EmploymentType><EmploymentDetails><employer>ABC Corp</employer><occupation>Management</occupation><employer_business>Agriculture, Forestry, Fishing and Hunting</employer_business><employer_address city="Benavente" country="United Kingdom" postal_code="28660A" state="NY" street_1="1, the Road" street_2="" /></EmploymentDetails><W9 blank_form="true" cert1="true" cert2="true" cert3="true" customer_type="INDIVIDUAL" name="Juan Lopez" proprietary_form_number="5002" signature_type="Electronic" tax_form_file="Form5002.pdf" tin="1112223456" /></AccountHolderDetails><FinancialInformation annual_net_income="7" liquid_net_worth="6" net_worth="8" total_assets="5"><InvestmentExperience><AssetExperience asset_class="FUND" knowledge_level="Limited" trades_per_year="1" years_trading="1" /><AssetExperience asset_class="STK" knowledge_level="Limited" trades_per_year="2" years_trading="2" /></InvestmentExperience><InvestmentObjectives><objective>Income</objective><objective>Growth</objective><objective>Preservation</objective></InvestmentObjectives><RegulatoryInformation><RegulatoryDetail code="BROKERDEALER" status="false" /><RegulatoryDetail code="EXCHANGEMEMBERSHIP" status="false" /><RegulatoryDetail code="DISPUTE" status="false" /><RegulatoryDetail code="INVESTIGATION" status="false" /><RegulatoryDetail code="STOCKCONTROL" status="true" /></RegulatoryInformation></FinancialInformation><TaxResidencies><TaxResidency TIN="111-22-23456" TIN_Type="SSN" country="United States" /></TaxResidencies></AccountHolder></Customer><Accounts><Account base_currency="USD" external_id="12345" margin="Cash" multicurrency="False"><TradingPermissions><TradingPermission exchange_group="US-Sec" /><TradingPermission exchange_group="US-Funds" /></TradingPermissions></Account></Accounts><Users><User external_individual_id="12345" prefix="lopez" /></Users><Documents><Document exec_login_ts="20170504112916" exec_ts="20170504112916" form_no="2109"><SignedBy>Juan Lopez</SignedBy><AttachedFile file_length="24536" file_name="Form2109.pdf" sha1_checksum="b759c413fd6305f09b2fb606ebd598f4dac35f37" /></Document><Document exec_login_ts="20170504112916" exec_ts="20170504112916" form_no="2192"><SignedBy>Juan Lopez</SignedBy><AttachedFile file_length="35751" file_name="Form2192.pdf" sha1_checksum="447872e76789d5d6e401c6bf06b28a36ab669b40" /></Document><Document exec_login_ts="20170504112916" exec_ts="20170504112916" form_no="3002"><SignedBy>Juan Lopez</SignedBy><AttachedFile file_length="85370" file_name="Form3002.pdf" sha1_checksum="999e3b91bb14b08294cfe923d62a46c86d51ff5e" /></Document><Document exec_login_ts="20170504112916" exec_ts="20170504112916" form_no="3007"><SignedBy>Juan Lopez</SignedBy><AttachedFile file_length="63604" file_name="Form3007.pdf" sha1_checksum="afd8a701d1ec7a1041f71eb3fb8a304e50c259e5" /></Document><Document exec_login_ts="20170504112916" exec_ts="20170504112916" form_no="3024"><SignedBy>Juan Lopez</SignedBy><AttachedFile file_length="46080" file_name="Form3024.pdf" sha1_checksum="5d023e3708adef2a547b7194ce242c505bd1891b" /></Document><Document exec_login_ts="20170504112916" exec_ts="20170504112916" form_no="3070"><SignedBy>Juan Lopez</SignedBy><AttachedFile file_length="17828" file_name="Form3070.pdf" sha1_checksum="a897fafa2c39373c29d41468f11319acf9c69a55" /></Document><Document exec_login_ts="20170504112916" exec_ts="20170504112916" form_no="3071"><SignedBy>Juan Lopez</SignedBy><AttachedFile file_length="34312" file_name="Form3071.pdf" sha1_checksum="cf9375f16a64dd6f0e2a56c22837ed39bae5364c" /></Document><Document exec_login_ts="20170504112916" exec_ts="20170504112916" form_no="3074"><SignedBy>Juan Lopez</SignedBy><AttachedFile file_length="19568" file_name="Form3074.pdf" sha1_checksum="98a5841da1a8024304ed145f5b9f45374b997063" /></Document><Document exec_login_ts="20170504112916" exec_ts="20170504112916" form_no="3094"><SignedBy>Juan Lopez</SignedBy><AttachedFile file_length="49608" file_name="Form3094.pdf" sha1_checksum="daac406a876b32c723a52a20425a236a883f18a9" /></Document><Document exec_login_ts="20170504112916" exec_ts="20170504112916" form_no="4016"><SignedBy>Juan Lopez</SignedBy><AttachedFile file_length="34985" file_name="Form4016.pdf" sha1_checksum="4e10a0951c548a76189ffd5076d2424536f21899" /></Document><Document exec_login_ts="20170504112916" exec_ts="20170504112916" form_no="4035"><SignedBy>Juan Lopez</SignedBy><AttachedFile file_length="10064" file_name="Form4035.pdf" sha1_checksum="7a74b29b767de0bed74d48a03182cc9e3d7360e4" /></Document><Document exec_login_ts="20170504112916" exec_ts="20170504112916" form_no="4036"><SignedBy>Juan Lopez</SignedBy><AttachedFile file_length="33575" file_name="Form4036.pdf" sha1_checksum="ad9ae4192cbdc85344f31af7d207378ff2065c8e" /></Document><Document exec_login_ts="20170504112916" exec_ts="20170504112916" form_no="6105"><SignedBy>Juan Lopez</SignedBy><AttachedFile file_length="43944" file_name="Form6105.pdf" sha1_checksum="c3ef2604025efe41da6c999b772ab779fb149fd8" /></Document><Document exec_login_ts="20170504112916" exec_ts="20170504112916" form_no="6108"><SignedBy>Juan Lopez</SignedBy><AttachedFile file_length="7537" file_name="Form6108.pdf" sha1_checksum="d127eaac33fc0070280f56e68eaf247f3c509ab5" /></Document><Document exec_login_ts="20170504112916" exec_ts="20170504112916" form_no="9130"><SignedBy>Juan Lopez</SignedBy><AttachedFile file_length="34425" file_name="Form9130.pdf" sha1_checksum="c70ac792aeae30c8f40dbe429c36667c67f02a33" /></Document><Document exec_login_ts="20170504112916" exec_ts="20170504112916" form_no="5002"><SignedBy>Juan Lopez</SignedBy><AttachedFile file_length="119331" file_name="Form5002.pdf" sha1_checksum="06c13ef0c01e831c1b9f0c2c0550812a4c242b3a" /></Document></Documents></Application></Applications>